"","product_code","station_number","year","month","mean_max","quality"
"1","IDCJAC0002","040214",1887,"January",29.5,"Y"
"2","IDCJAC0002","040214",1887,"February",27.6,"Y"
"3","IDCJAC0002","040214",1887,"March",27.6,"Y"
"4","IDCJAC0002","040214",1887,"April",25.2,"Y"
"5","IDCJAC0002","040214",1887,"May",21.6,"Y"
"6","IDCJAC0002","040214",1887,"June",18.7,"Y"
"7","IDCJAC0002","040214",1887,"July",19.9,"Y"
"8","IDCJAC0002","040214",1887,"August",20.8,"Y"
"9","IDCJAC0002","040214",1887,"September",23.1,"Y"
"10","IDCJAC0002","040214",1887,"October",26.6,"Y"
"11","IDCJAC0002","040214",1887,"November",26.4,"Y"
"12","IDCJAC0002","040214",1887,"December",27.2,"Y"
"13","IDCJAC0002","040214",1888,"January",29.1,"Y"
"14","IDCJAC0002","040214",1888,"February",27.7,"Y"
"15","IDCJAC0002","040214",1888,"March",28.1,"Y"
"16","IDCJAC0002","040214",1888,"April",24.6,"Y"
"17","IDCJAC0002","040214",1888,"May",22.7,"Y"
"18","IDCJAC0002","040214",1888,"June",21.5,"Y"
"19","IDCJAC0002","040214",1888,"July",21.5,"Y"
"20","IDCJAC0002","040214",1888,"August",22.7,"Y"
"21","IDCJAC0002","040214",1888,"September",24.1,"Y"
"22","IDCJAC0002","040214",1888,"October",27.3,"Y"
"23","IDCJAC0002","040214",1888,"November",29.6,"Y"
"24","IDCJAC0002","040214",1888,"December",29.3,"Y"
"25","IDCJAC0002","040214",1889,"January",30.9,"Y"
"26","IDCJAC0002","040214",1889,"February",31.2,"Y"
"27","IDCJAC0002","040214",1889,"March",28.4,"Y"
"28","IDCJAC0002","040214",1889,"April",25.4,"Y"
"29","IDCJAC0002","040214",1889,"May",22.7,"Y"
"30","IDCJAC0002","040214",1889,"June",20.2,"Y"
"31","IDCJAC0002","040214",1889,"July",19.7,"Y"
"32","IDCJAC0002","040214",1889,"August",21.4,"Y"
"33","IDCJAC0002","040214",1889,"September",24,"Y"
"34","IDCJAC0002","040214",1889,"October",26,"Y"
"35","IDCJAC0002","040214",1889,"November",27.4,"Y"
"36","IDCJAC0002","040214",1889,"December",30.1,"Y"
"37","IDCJAC0002","040214",1890,"January",27.9,"Y"
"38","IDCJAC0002","040214",1890,"February",27.5,"Y"
"39","IDCJAC0002","040214",1890,"March",26.4,"Y"
"40","IDCJAC0002","040214",1890,"April",24.3,"Y"
"41","IDCJAC0002","040214",1890,"May",22.1,"Y"
"42","IDCJAC0002","040214",1890,"June",20.7,"Y"
"43","IDCJAC0002","040214",1890,"July",18.9,"Y"
"44","IDCJAC0002","040214",1890,"August",21.4,"Y"
"45","IDCJAC0002","040214",1890,"September",24.4,"Y"
"46","IDCJAC0002","040214",1890,"October",28.5,"Y"
"47","IDCJAC0002","040214",1890,"November",28.2,"Y"
"48","IDCJAC0002","040214",1890,"December",28.8,"Y"
"49","IDCJAC0002","040214",1891,"January",29.3,"Y"
"50","IDCJAC0002","040214",1891,"February",28.6,"Y"
"51","IDCJAC0002","040214",1891,"March",26.4,"Y"
"52","IDCJAC0002","040214",1891,"April",24.9,"Y"
"53","IDCJAC0002","040214",1891,"May",22.1,"Y"
"54","IDCJAC0002","040214",1891,"June",20.5,"Y"
"55","IDCJAC0002","040214",1891,"July",19.4,"Y"
"56","IDCJAC0002","040214",1891,"August",21.2,"Y"
"57","IDCJAC0002","040214",1891,"September",22.9,"Y"
"58","IDCJAC0002","040214",1891,"October",25.4,"Y"
"59","IDCJAC0002","040214",1891,"November",28,"Y"
"60","IDCJAC0002","040214",1891,"December",29.8,"Y"
"61","IDCJAC0002","040214",1892,"January",29.5,"Y"
"62","IDCJAC0002","040214",1892,"February",30.3,"Y"
"63","IDCJAC0002","040214",1892,"March",27.9,"Y"
"64","IDCJAC0002","040214",1892,"April",24.5,"Y"
"65","IDCJAC0002","040214",1892,"May",22.2,"Y"
"66","IDCJAC0002","040214",1892,"June",20.2,"Y"
"67","IDCJAC0002","040214",1892,"July",20,"Y"
"68","IDCJAC0002","040214",1892,"August",22.3,"Y"
"69","IDCJAC0002","040214",1892,"September",23.1,"Y"
"70","IDCJAC0002","040214",1892,"October",26,"Y"
"71","IDCJAC0002","040214",1892,"November",28.1,"Y"
"72","IDCJAC0002","040214",1892,"December",30.4,"Y"
"73","IDCJAC0002","040214",1893,"January",29.1,"Y"
"74","IDCJAC0002","040214",1893,"February",26.5,"Y"
"75","IDCJAC0002","040214",1893,"March",25.8,"Y"
"76","IDCJAC0002","040214",1893,"April",25.2,"Y"
"77","IDCJAC0002","040214",1893,"May",23.4,"Y"
"78","IDCJAC0002","040214",1893,"June",18.9,"Y"
"79","IDCJAC0002","040214",1893,"July",20,"Y"
"80","IDCJAC0002","040214",1893,"August",21.2,"Y"
"81","IDCJAC0002","040214",1893,"September",24.4,"Y"
"82","IDCJAC0002","040214",1893,"October",27.8,"Y"
"83","IDCJAC0002","040214",1893,"November",28.7,"Y"
"84","IDCJAC0002","040214",1893,"December",30.3,"Y"
"85","IDCJAC0002","040214",1894,"January",28.9,"Y"
"86","IDCJAC0002","040214",1894,"February",28.6,"Y"
"87","IDCJAC0002","040214",1894,"March",26.4,"Y"
"88","IDCJAC0002","040214",1894,"April",25.4,"Y"
"89","IDCJAC0002","040214",1894,"May",22.3,"Y"
"90","IDCJAC0002","040214",1894,"June",20.8,"Y"
"91","IDCJAC0002","040214",1894,"July",20.2,"Y"
"92","IDCJAC0002","040214",1894,"August",22.1,"Y"
"93","IDCJAC0002","040214",1894,"September",22.8,"Y"
"94","IDCJAC0002","040214",1894,"October",25.6,"Y"
"95","IDCJAC0002","040214",1894,"November",28.5,"Y"
"96","IDCJAC0002","040214",1894,"December",27.9,"Y"
"97","IDCJAC0002","040214",1895,"January",28.4,"Y"
"98","IDCJAC0002","040214",1895,"February",28.8,"Y"
"99","IDCJAC0002","040214",1895,"March",27.8,"Y"
"100","IDCJAC0002","040214",1895,"April",25.7,"Y"
"101","IDCJAC0002","040214",1895,"May",23.8,"Y"
"102","IDCJAC0002","040214",1895,"June",21.8,"Y"
"103","IDCJAC0002","040214",1895,"July",19.2,"Y"
"104","IDCJAC0002","040214",1895,"August",23.9,"Y"
"105","IDCJAC0002","040214",1895,"September",25,"Y"
"106","IDCJAC0002","040214",1895,"October",27.4,"Y"
"107","IDCJAC0002","040214",1895,"November",27.6,"Y"
"108","IDCJAC0002","040214",1895,"December",29.5,"Y"
"109","IDCJAC0002","040214",1896,"January",30.9,"Y"
"110","IDCJAC0002","040214",1896,"February",27.9,"Y"
"111","IDCJAC0002","040214",1896,"March",28.4,"Y"
"112","IDCJAC0002","040214",1896,"April",27.1,"Y"
"113","IDCJAC0002","040214",1896,"May",23.3,"Y"
"114","IDCJAC0002","040214",1896,"June",20.5,"Y"
"115","IDCJAC0002","040214",1896,"July",19.2,"Y"
"116","IDCJAC0002","040214",1896,"August",21.2,"Y"
"117","IDCJAC0002","040214",1896,"September",24.5,"Y"
"118","IDCJAC0002","040214",1896,"October",27.6,"Y"
"119","IDCJAC0002","040214",1896,"November",25.5,"Y"
"120","IDCJAC0002","040214",1896,"December",28.1,"Y"
"121","IDCJAC0002","040214",1897,"January",29.5,"Y"
"122","IDCJAC0002","040214",1897,"February",30.1,"Y"
"123","IDCJAC0002","040214",1897,"March",28.9,"Y"
"124","IDCJAC0002","040214",1897,"April",27.9,"Y"
"125","IDCJAC0002","040214",1897,"May",24.5,"Y"
"126","IDCJAC0002","040214",1897,"June",21.7,"Y"
"127","IDCJAC0002","040214",1897,"July",21.9,"Y"
"128","IDCJAC0002","040214",1897,"August",22.2,"Y"
"129","IDCJAC0002","040214",1897,"September",24.3,"Y"
"130","IDCJAC0002","040214",1897,"October",26.7,"Y"
"131","IDCJAC0002","040214",1897,"November",28.7,"Y"
"132","IDCJAC0002","040214",1897,"December",27.9,"Y"
"133","IDCJAC0002","040214",1898,"January",27.7,"Y"
"134","IDCJAC0002","040214",1898,"February",27.8,"Y"
"135","IDCJAC0002","040214",1898,"March",26.9,"Y"
"136","IDCJAC0002","040214",1898,"April",26.5,"Y"
"137","IDCJAC0002","040214",1898,"May",21.6,"Y"
"138","IDCJAC0002","040214",1898,"June",20.5,"Y"
"139","IDCJAC0002","040214",1898,"July",21.1,"Y"
"140","IDCJAC0002","040214",1898,"August",20.9,"Y"
"141","IDCJAC0002","040214",1898,"September",25,"Y"
"142","IDCJAC0002","040214",1898,"October",27.5,"Y"
"143","IDCJAC0002","040214",1898,"November",30.1,"Y"
"144","IDCJAC0002","040214",1898,"December",28.7,"Y"
"145","IDCJAC0002","040214",1899,"January",30.9,"Y"
"146","IDCJAC0002","040214",1899,"February",27.8,"Y"
"147","IDCJAC0002","040214",1899,"March",28.3,"Y"
"148","IDCJAC0002","040214",1899,"April",25.8,"Y"
"149","IDCJAC0002","040214",1899,"May",23,"Y"
"150","IDCJAC0002","040214",1899,"June",20,"Y"
"151","IDCJAC0002","040214",1899,"July",18.8,"Y"
"152","IDCJAC0002","040214",1899,"August",20.3,"Y"
"153","IDCJAC0002","040214",1899,"September",22.9,"Y"
"154","IDCJAC0002","040214",1899,"October",25,"Y"
"155","IDCJAC0002","040214",1899,"November",29.4,"Y"
"156","IDCJAC0002","040214",1899,"December",29.2,"Y"
"157","IDCJAC0002","040214",1900,"January",28.1,"Y"
"158","IDCJAC0002","040214",1900,"February",30.1,"Y"
"159","IDCJAC0002","040214",1900,"March",28.8,"Y"
"160","IDCJAC0002","040214",1900,"April",26.5,"Y"
"161","IDCJAC0002","040214",1900,"May",22.4,"Y"
"162","IDCJAC0002","040214",1900,"June",20.8,"Y"
"163","IDCJAC0002","040214",1900,"July",19.2,"Y"
"164","IDCJAC0002","040214",1900,"August",22.9,"Y"
"165","IDCJAC0002","040214",1900,"September",24.1,"Y"
"166","IDCJAC0002","040214",1900,"October",28.5,"Y"
"167","IDCJAC0002","040214",1900,"November",28.9,"Y"
"168","IDCJAC0002","040214",1900,"December",30.6,"Y"
"169","IDCJAC0002","040214",1901,"January",31.2,"Y"
"170","IDCJAC0002","040214",1901,"February",28.7,"Y"
"171","IDCJAC0002","040214",1901,"March",28,"Y"
"172","IDCJAC0002","040214",1901,"April",25.2,"Y"
"173","IDCJAC0002","040214",1901,"May",22.7,"Y"
"174","IDCJAC0002","040214",1901,"June",19.3,"Y"
"175","IDCJAC0002","040214",1901,"July",18.7,"Y"
"176","IDCJAC0002","040214",1901,"August",21.2,"Y"
"177","IDCJAC0002","040214",1901,"September",25,"Y"
"178","IDCJAC0002","040214",1901,"October",26,"Y"
"179","IDCJAC0002","040214",1901,"November",27.4,"Y"
"180","IDCJAC0002","040214",1901,"December",30.4,"Y"
"181","IDCJAC0002","040214",1902,"January",31.6,"Y"
"182","IDCJAC0002","040214",1902,"February",30.5,"Y"
"183","IDCJAC0002","040214",1902,"March",29,"Y"
"184","IDCJAC0002","040214",1902,"April",26.9,"Y"
"185","IDCJAC0002","040214",1902,"May",24.4,"Y"
"186","IDCJAC0002","040214",1902,"June",23,"Y"
"187","IDCJAC0002","040214",1902,"July",21.7,"Y"
"188","IDCJAC0002","040214",1902,"August",22,"Y"
"189","IDCJAC0002","040214",1902,"September",25.3,"Y"
"190","IDCJAC0002","040214",1902,"October",27.3,"Y"
"191","IDCJAC0002","040214",1902,"November",28.6,"Y"
"192","IDCJAC0002","040214",1902,"December",31.5,"Y"
"193","IDCJAC0002","040214",1903,"January",32.3,"Y"
"194","IDCJAC0002","040214",1903,"February",30.9,"Y"
"195","IDCJAC0002","040214",1903,"March",28.6,"Y"
"196","IDCJAC0002","040214",1903,"April",27.1,"Y"
"197","IDCJAC0002","040214",1903,"May",22.3,"Y"
"198","IDCJAC0002","040214",1903,"June",20.8,"Y"
"199","IDCJAC0002","040214",1903,"July",20.3,"Y"
"200","IDCJAC0002","040214",1903,"August",21,"Y"
"201","IDCJAC0002","040214",1903,"September",24.1,"Y"
"202","IDCJAC0002","040214",1903,"October",24.7,"Y"
"203","IDCJAC0002","040214",1903,"November",25.8,"Y"
"204","IDCJAC0002","040214",1903,"December",30,"Y"
"205","IDCJAC0002","040214",1904,"January",29.7,"Y"
"206","IDCJAC0002","040214",1904,"February",31.4,"Y"
"207","IDCJAC0002","040214",1904,"March",28,"Y"
"208","IDCJAC0002","040214",1904,"April",24.5,"Y"
"209","IDCJAC0002","040214",1904,"May",21.9,"Y"
"210","IDCJAC0002","040214",1904,"June",19.9,"Y"
"211","IDCJAC0002","040214",1904,"July",19.8,"Y"
"212","IDCJAC0002","040214",1904,"August",22.2,"Y"
"213","IDCJAC0002","040214",1904,"September",24.8,"Y"
"214","IDCJAC0002","040214",1904,"October",26.2,"Y"
"215","IDCJAC0002","040214",1904,"November",29.9,"Y"
"216","IDCJAC0002","040214",1904,"December",29.4,"Y"
"217","IDCJAC0002","040214",1905,"January",29.6,"Y"
"218","IDCJAC0002","040214",1905,"February",29.5,"Y"
"219","IDCJAC0002","040214",1905,"March",29.5,"Y"
"220","IDCJAC0002","040214",1905,"April",25.9,"Y"
"221","IDCJAC0002","040214",1905,"May",22.9,"Y"
"222","IDCJAC0002","040214",1905,"June",21.1,"Y"
"223","IDCJAC0002","040214",1905,"July",20.2,"Y"
"224","IDCJAC0002","040214",1905,"August",22.1,"Y"
"225","IDCJAC0002","040214",1905,"September",24.7,"Y"
"226","IDCJAC0002","040214",1905,"October",24.9,"Y"
"227","IDCJAC0002","040214",1905,"November",28.8,"Y"
"228","IDCJAC0002","040214",1905,"December",29.8,"Y"
"229","IDCJAC0002","040214",1906,"January",29.4,"Y"
"230","IDCJAC0002","040214",1906,"February",28.3,"Y"
"231","IDCJAC0002","040214",1906,"March",26.8,"Y"
"232","IDCJAC0002","040214",1906,"April",27.7,"Y"
"233","IDCJAC0002","040214",1906,"May",23.7,"Y"
"234","IDCJAC0002","040214",1906,"June",21.6,"Y"
"235","IDCJAC0002","040214",1906,"July",21.5,"Y"
"236","IDCJAC0002","040214",1906,"August",22.1,"Y"
"237","IDCJAC0002","040214",1906,"September",23.2,"Y"
"238","IDCJAC0002","040214",1906,"October",25.9,"Y"
"239","IDCJAC0002","040214",1906,"November",27.6,"Y"
"240","IDCJAC0002","040214",1906,"December",28.7,"Y"
"241","IDCJAC0002","040214",1907,"January",29.1,"Y"
"242","IDCJAC0002","040214",1907,"February",29.6,"Y"
"243","IDCJAC0002","040214",1907,"March",28,"Y"
"244","IDCJAC0002","040214",1907,"April",27.6,"Y"
"245","IDCJAC0002","040214",1907,"May",23.2,"Y"
"246","IDCJAC0002","040214",1907,"June",20.5,"Y"
"247","IDCJAC0002","040214",1907,"July",20.6,"Y"
"248","IDCJAC0002","040214",1907,"August",23.1,"Y"
"249","IDCJAC0002","040214",1907,"September",25.5,"Y"
"250","IDCJAC0002","040214",1907,"October",27.7,"Y"
"251","IDCJAC0002","040214",1907,"November",26.9,"Y"
"252","IDCJAC0002","040214",1907,"December",29.2,"Y"
"253","IDCJAC0002","040214",1908,"January",28.8,"Y"
"254","IDCJAC0002","040214",1908,"February",29.9,"Y"
"255","IDCJAC0002","040214",1908,"March",28.4,"Y"
"256","IDCJAC0002","040214",1908,"April",26.1,"Y"
"257","IDCJAC0002","040214",1908,"May",23.7,"Y"
"258","IDCJAC0002","040214",1908,"June",19.5,"Y"
"259","IDCJAC0002","040214",1908,"July",20,"Y"
"260","IDCJAC0002","040214",1908,"August",20.8,"Y"
"261","IDCJAC0002","040214",1908,"September",24,"Y"
"262","IDCJAC0002","040214",1908,"October",25.9,"Y"
"263","IDCJAC0002","040214",1908,"November",27.6,"Y"
"264","IDCJAC0002","040214",1908,"December",30.7,"Y"
"265","IDCJAC0002","040214",1909,"January",29.5,"Y"
"266","IDCJAC0002","040214",1909,"February",29.3,"Y"
"267","IDCJAC0002","040214",1909,"March",28,"Y"
"268","IDCJAC0002","040214",1909,"April",26.5,"Y"
"269","IDCJAC0002","040214",1909,"May",23.9,"Y"
"270","IDCJAC0002","040214",1909,"June",21.1,"Y"
"271","IDCJAC0002","040214",1909,"July",19.4,"Y"
"272","IDCJAC0002","040214",1909,"August",21.3,"Y"
"273","IDCJAC0002","040214",1909,"September",24.2,"Y"
"274","IDCJAC0002","040214",1909,"October",27,"Y"
"275","IDCJAC0002","040214",1909,"November",28.6,"Y"
"276","IDCJAC0002","040214",1909,"December",29.6,"Y"
"277","IDCJAC0002","040214",1910,"January",29.5,"Y"
"278","IDCJAC0002","040214",1910,"February",29.3,"Y"
"279","IDCJAC0002","040214",1910,"March",26.9,"Y"
"280","IDCJAC0002","040214",1910,"April",26.2,"Y"
"281","IDCJAC0002","040214",1910,"May",24.8,"Y"
"282","IDCJAC0002","040214",1910,"June",21.2,"Y"
"283","IDCJAC0002","040214",1910,"July",20.5,"Y"
"284","IDCJAC0002","040214",1910,"August",23,"Y"
"285","IDCJAC0002","040214",1910,"September",25,"Y"
"286","IDCJAC0002","040214",1910,"October",26.3,"Y"
"287","IDCJAC0002","040214",1910,"November",27,"Y"
"288","IDCJAC0002","040214",1910,"December",30.7,"Y"
"289","IDCJAC0002","040214",1911,"January",28.8,"Y"
"290","IDCJAC0002","040214",1911,"February",27.5,"Y"
"291","IDCJAC0002","040214",1911,"March",28.2,"Y"
"292","IDCJAC0002","040214",1911,"April",27.3,"Y"
"293","IDCJAC0002","040214",1911,"May",23.3,"Y"
"294","IDCJAC0002","040214",1911,"June",21.4,"Y"
"295","IDCJAC0002","040214",1911,"July",21.3,"Y"
"296","IDCJAC0002","040214",1911,"August",21.6,"Y"
"297","IDCJAC0002","040214",1911,"September",25.1,"Y"
"298","IDCJAC0002","040214",1911,"October",25.8,"Y"
"299","IDCJAC0002","040214",1911,"November",29.5,"Y"
"300","IDCJAC0002","040214",1911,"December",33.2,"Y"
"301","IDCJAC0002","040214",1912,"January",31.4,"Y"
"302","IDCJAC0002","040214",1912,"February",31.4,"Y"
"303","IDCJAC0002","040214",1912,"March",28.8,"Y"
"304","IDCJAC0002","040214",1912,"April",27.6,"Y"
"305","IDCJAC0002","040214",1912,"May",24.7,"Y"
"306","IDCJAC0002","040214",1912,"June",21.8,"Y"
"307","IDCJAC0002","040214",1912,"July",20,"Y"
"308","IDCJAC0002","040214",1912,"August",22.4,"Y"
"309","IDCJAC0002","040214",1912,"September",26.8,"Y"
"310","IDCJAC0002","040214",1912,"October",26.7,"Y"
"311","IDCJAC0002","040214",1912,"November",28.5,"Y"
"312","IDCJAC0002","040214",1912,"December",30.4,"Y"
"313","IDCJAC0002","040214",1913,"January",28.7,"Y"
"314","IDCJAC0002","040214",1913,"February",28.9,"Y"
"315","IDCJAC0002","040214",1913,"March",28.9,"Y"
"316","IDCJAC0002","040214",1913,"April",26.4,"Y"
"317","IDCJAC0002","040214",1913,"May",21.8,"Y"
"318","IDCJAC0002","040214",1913,"June",19.5,"Y"
"319","IDCJAC0002","040214",1913,"July",20.9,"Y"
"320","IDCJAC0002","040214",1913,"August",22.5,"Y"
"321","IDCJAC0002","040214",1913,"September",24.8,"Y"
"322","IDCJAC0002","040214",1913,"October",27.5,"Y"
"323","IDCJAC0002","040214",1913,"November",30.8,"Y"
"324","IDCJAC0002","040214",1913,"December",29.8,"Y"
"325","IDCJAC0002","040214",1914,"January",31.4,"Y"
"326","IDCJAC0002","040214",1914,"February",29.4,"Y"
"327","IDCJAC0002","040214",1914,"March",28,"Y"
"328","IDCJAC0002","040214",1914,"April",29.1,"Y"
"329","IDCJAC0002","040214",1914,"May",23.3,"Y"
"330","IDCJAC0002","040214",1914,"June",20.8,"Y"
"331","IDCJAC0002","040214",1914,"July",19.5,"Y"
"332","IDCJAC0002","040214",1914,"August",22.6,"Y"
"333","IDCJAC0002","040214",1914,"September",24.8,"Y"
"334","IDCJAC0002","040214",1914,"October",25.4,"Y"
"335","IDCJAC0002","040214",1914,"November",30.1,"Y"
"336","IDCJAC0002","040214",1914,"December",30.7,"Y"
"337","IDCJAC0002","040214",1915,"January",29.8,"Y"
"338","IDCJAC0002","040214",1915,"February",30.1,"Y"
"339","IDCJAC0002","040214",1915,"March",28.8,"Y"
"340","IDCJAC0002","040214",1915,"April",27.7,"Y"
"341","IDCJAC0002","040214",1915,"May",22.8,"Y"
"342","IDCJAC0002","040214",1915,"June",21.9,"Y"
"343","IDCJAC0002","040214",1915,"July",21.2,"Y"
"344","IDCJAC0002","040214",1915,"August",22.8,"Y"
"345","IDCJAC0002","040214",1915,"September",27.4,"Y"
"346","IDCJAC0002","040214",1915,"October",28.1,"Y"
"347","IDCJAC0002","040214",1915,"November",30.6,"Y"
"348","IDCJAC0002","040214",1915,"December",28.4,"Y"
"349","IDCJAC0002","040214",1916,"January",30.5,"Y"
"350","IDCJAC0002","040214",1916,"February",30.4,"Y"
"351","IDCJAC0002","040214",1916,"March",29,"Y"
"352","IDCJAC0002","040214",1916,"April",25.6,"Y"
"353","IDCJAC0002","040214",1916,"May",23.2,"Y"
"354","IDCJAC0002","040214",1916,"June",20,"Y"
"355","IDCJAC0002","040214",1916,"July",19.5,"Y"
"356","IDCJAC0002","040214",1916,"August",21,"Y"
"357","IDCJAC0002","040214",1916,"September",23,"Y"
"358","IDCJAC0002","040214",1916,"October",25.4,"Y"
"359","IDCJAC0002","040214",1916,"November",27.4,"Y"
"360","IDCJAC0002","040214",1916,"December",28.3,"Y"
"361","IDCJAC0002","040214",1917,"January",30.4,"Y"
"362","IDCJAC0002","040214",1917,"February",27.5,"Y"
"363","IDCJAC0002","040214",1917,"March",27.7,"Y"
"364","IDCJAC0002","040214",1917,"April",26.2,"Y"
"365","IDCJAC0002","040214",1917,"May",22.8,"Y"
"366","IDCJAC0002","040214",1917,"June",20.5,"Y"
"367","IDCJAC0002","040214",1917,"July",22.1,"Y"
"368","IDCJAC0002","040214",1917,"August",20.8,"Y"
"369","IDCJAC0002","040214",1917,"September",23.7,"Y"
"370","IDCJAC0002","040214",1917,"October",25.6,"Y"
"371","IDCJAC0002","040214",1917,"November",26.6,"Y"
"372","IDCJAC0002","040214",1917,"December",27.7,"Y"
"373","IDCJAC0002","040214",1918,"January",28,"Y"
"374","IDCJAC0002","040214",1918,"February",28.6,"Y"
"375","IDCJAC0002","040214",1918,"March",26,"Y"
"376","IDCJAC0002","040214",1918,"April",24.7,"Y"
"377","IDCJAC0002","040214",1918,"May",22.8,"Y"
"378","IDCJAC0002","040214",1918,"June",22.6,"Y"
"379","IDCJAC0002","040214",1918,"July",20.6,"Y"
"380","IDCJAC0002","040214",1918,"August",22.3,"Y"
"381","IDCJAC0002","040214",1918,"September",23.6,"Y"
"382","IDCJAC0002","040214",1918,"October",28.7,"Y"
"383","IDCJAC0002","040214",1918,"November",28.9,"Y"
"384","IDCJAC0002","040214",1918,"December",29.5,"Y"
"385","IDCJAC0002","040214",1919,"January",30.4,"Y"
"386","IDCJAC0002","040214",1919,"February",30.6,"Y"
"387","IDCJAC0002","040214",1919,"March",29.5,"Y"
"388","IDCJAC0002","040214",1919,"April",25.4,"Y"
"389","IDCJAC0002","040214",1919,"May",22.4,"Y"
"390","IDCJAC0002","040214",1919,"June",20.6,"Y"
"391","IDCJAC0002","040214",1919,"July",20.9,"Y"
"392","IDCJAC0002","040214",1919,"August",21.6,"Y"
"393","IDCJAC0002","040214",1919,"September",24.6,"Y"
"394","IDCJAC0002","040214",1919,"October",26.4,"Y"
"395","IDCJAC0002","040214",1919,"November",27.2,"Y"
"396","IDCJAC0002","040214",1919,"December",29.1,"Y"
"397","IDCJAC0002","040214",1920,"January",27.9,"Y"
"398","IDCJAC0002","040214",1920,"February",28.4,"Y"
"399","IDCJAC0002","040214",1920,"March",27.6,"Y"
"400","IDCJAC0002","040214",1920,"April",25.7,"Y"
"401","IDCJAC0002","040214",1920,"May",23,"Y"
"402","IDCJAC0002","040214",1920,"June",21,"Y"
"403","IDCJAC0002","040214",1920,"July",20.1,"Y"
"404","IDCJAC0002","040214",1920,"August",21,"Y"
"405","IDCJAC0002","040214",1920,"September",23.2,"Y"
"406","IDCJAC0002","040214",1920,"October",25.6,"Y"
"407","IDCJAC0002","040214",1920,"November",27.9,"Y"
"408","IDCJAC0002","040214",1920,"December",30.6,"Y"
"409","IDCJAC0002","040214",1921,"January",28,"Y"
"410","IDCJAC0002","040214",1921,"February",28.9,"Y"
"411","IDCJAC0002","040214",1921,"March",26.5,"Y"
"412","IDCJAC0002","040214",1921,"April",25.4,"Y"
"413","IDCJAC0002","040214",1921,"May",24,"Y"
"414","IDCJAC0002","040214",1921,"June",21.8,"Y"
"415","IDCJAC0002","040214",1921,"July",21.3,"Y"
"416","IDCJAC0002","040214",1921,"August",20,"Y"
"417","IDCJAC0002","040214",1921,"September",23.4,"Y"
"418","IDCJAC0002","040214",1921,"October",25,"Y"
"419","IDCJAC0002","040214",1921,"November",28.6,"Y"
"420","IDCJAC0002","040214",1921,"December",28.7,"Y"
"421","IDCJAC0002","040214",1922,"January",31,"Y"
"422","IDCJAC0002","040214",1922,"February",27.4,"Y"
"423","IDCJAC0002","040214",1922,"March",28.8,"Y"
"424","IDCJAC0002","040214",1922,"April",27.9,"Y"
"425","IDCJAC0002","040214",1922,"May",24,"Y"
"426","IDCJAC0002","040214",1922,"June",21.1,"Y"
"427","IDCJAC0002","040214",1922,"July",19.2,"Y"
"428","IDCJAC0002","040214",1922,"August",21.6,"Y"
"429","IDCJAC0002","040214",1922,"September",23.2,"Y"
"430","IDCJAC0002","040214",1922,"October",26.8,"Y"
"431","IDCJAC0002","040214",1922,"November",28.8,"Y"
"432","IDCJAC0002","040214",1922,"December",30,"Y"
"433","IDCJAC0002","040214",1923,"January",30.6,"Y"
"434","IDCJAC0002","040214",1923,"February",29.9,"Y"
"435","IDCJAC0002","040214",1923,"March",29.3,"Y"
"436","IDCJAC0002","040214",1923,"April",24.3,"Y"
"437","IDCJAC0002","040214",1923,"May",26,"Y"
"438","IDCJAC0002","040214",1923,"June",21.5,"Y"
"439","IDCJAC0002","040214",1923,"July",20.1,"Y"
"440","IDCJAC0002","040214",1923,"August",20.5,"Y"
"441","IDCJAC0002","040214",1923,"September",25.3,"Y"
"442","IDCJAC0002","040214",1923,"October",27.1,"Y"
"443","IDCJAC0002","040214",1923,"November",27.9,"Y"
"444","IDCJAC0002","040214",1923,"December",29.8,"Y"
"445","IDCJAC0002","040214",1924,"January",31.3,"Y"
"446","IDCJAC0002","040214",1924,"February",29.9,"Y"
"447","IDCJAC0002","040214",1924,"March",28.3,"Y"
"448","IDCJAC0002","040214",1924,"April",25.8,"Y"
"449","IDCJAC0002","040214",1924,"May",23.2,"Y"
"450","IDCJAC0002","040214",1924,"June",20.1,"Y"
"451","IDCJAC0002","040214",1924,"July",20.7,"Y"
"452","IDCJAC0002","040214",1924,"August",22,"Y"
"453","IDCJAC0002","040214",1924,"September",24.3,"Y"
"454","IDCJAC0002","040214",1924,"October",26,"Y"
"455","IDCJAC0002","040214",1924,"November",27.2,"Y"
"456","IDCJAC0002","040214",1924,"December",27.8,"Y"
"457","IDCJAC0002","040214",1925,"January",27.5,"Y"
"458","IDCJAC0002","040214",1925,"February",30,"Y"
"459","IDCJAC0002","040214",1925,"March",26,"Y"
"460","IDCJAC0002","040214",1925,"April",25.4,"Y"
"461","IDCJAC0002","040214",1925,"May",22,"Y"
"462","IDCJAC0002","040214",1925,"June",20.6,"Y"
"463","IDCJAC0002","040214",1925,"July",19.5,"Y"
"464","IDCJAC0002","040214",1925,"August",20.9,"Y"
"465","IDCJAC0002","040214",1925,"September",23.4,"Y"
"466","IDCJAC0002","040214",1925,"October",25.7,"Y"
"467","IDCJAC0002","040214",1925,"November",26,"Y"
"468","IDCJAC0002","040214",1925,"December",29.1,"Y"
"469","IDCJAC0002","040214",1926,"January",30.2,"Y"
"470","IDCJAC0002","040214",1926,"February",30.7,"Y"
"471","IDCJAC0002","040214",1926,"March",29.2,"Y"
"472","IDCJAC0002","040214",1926,"April",27.5,"Y"
"473","IDCJAC0002","040214",1926,"May",23.4,"Y"
"474","IDCJAC0002","040214",1926,"June",21.1,"Y"
"475","IDCJAC0002","040214",1926,"July",20.8,"Y"
"476","IDCJAC0002","040214",1926,"August",23.4,"Y"
"477","IDCJAC0002","040214",1926,"September",23.5,"Y"
"478","IDCJAC0002","040214",1926,"October",27.8,"Y"
"479","IDCJAC0002","040214",1926,"November",28.3,"Y"
"480","IDCJAC0002","040214",1926,"December",28.2,"Y"
"481","IDCJAC0002","040214",1927,"January",27.6,"Y"
"482","IDCJAC0002","040214",1927,"February",28.7,"Y"
"483","IDCJAC0002","040214",1927,"March",27.4,"Y"
"484","IDCJAC0002","040214",1927,"April",25.9,"Y"
"485","IDCJAC0002","040214",1927,"May",24.2,"Y"
"486","IDCJAC0002","040214",1927,"June",20.6,"Y"
"487","IDCJAC0002","040214",1927,"July",21.3,"Y"
"488","IDCJAC0002","040214",1927,"August",22.7,"Y"
"489","IDCJAC0002","040214",1927,"September",23.8,"Y"
"490","IDCJAC0002","040214",1927,"October",24.6,"Y"
"491","IDCJAC0002","040214",1927,"November",26.8,"Y"
"492","IDCJAC0002","040214",1927,"December",26.9,"Y"
"493","IDCJAC0002","040214",1928,"January",28.8,"Y"
"494","IDCJAC0002","040214",1928,"February",27,"Y"
"495","IDCJAC0002","040214",1928,"March",28,"Y"
"496","IDCJAC0002","040214",1928,"April",26.3,"Y"
"497","IDCJAC0002","040214",1928,"May",22.1,"Y"
"498","IDCJAC0002","040214",1928,"June",19.8,"Y"
"499","IDCJAC0002","040214",1928,"July",20.7,"Y"
"500","IDCJAC0002","040214",1928,"August",23.3,"Y"
"501","IDCJAC0002","040214",1928,"September",25.9,"Y"
"502","IDCJAC0002","040214",1928,"October",27.6,"Y"
"503","IDCJAC0002","040214",1928,"November",28.4,"Y"
"504","IDCJAC0002","040214",1928,"December",28.8,"Y"
"505","IDCJAC0002","040214",1929,"January",31.6,"Y"
"506","IDCJAC0002","040214",1929,"February",29,"Y"
"507","IDCJAC0002","040214",1929,"March",28.2,"Y"
"508","IDCJAC0002","040214",1929,"April",25.7,"Y"
"509","IDCJAC0002","040214",1929,"May",22.5,"Y"
"510","IDCJAC0002","040214",1929,"June",20.3,"Y"
"511","IDCJAC0002","040214",1929,"July",20.1,"Y"
"512","IDCJAC0002","040214",1929,"August",22.1,"Y"
"513","IDCJAC0002","040214",1929,"September",23.4,"Y"
"514","IDCJAC0002","040214",1929,"October",26,"Y"
"515","IDCJAC0002","040214",1929,"November",28.9,"Y"
"516","IDCJAC0002","040214",1929,"December",30.8,"Y"
"517","IDCJAC0002","040214",1930,"January",28.2,"Y"
"518","IDCJAC0002","040214",1930,"February",27.9,"Y"
"519","IDCJAC0002","040214",1930,"March",26.9,"Y"
"520","IDCJAC0002","040214",1930,"April",25.4,"Y"
"521","IDCJAC0002","040214",1930,"May",22.2,"Y"
"522","IDCJAC0002","040214",1930,"June",19.9,"Y"
"523","IDCJAC0002","040214",1930,"July",20.6,"Y"
"524","IDCJAC0002","040214",1930,"August",22,"Y"
"525","IDCJAC0002","040214",1930,"September",24.5,"Y"
"526","IDCJAC0002","040214",1930,"October",25.9,"Y"
"527","IDCJAC0002","040214",1930,"November",28.7,"Y"
"528","IDCJAC0002","040214",1930,"December",29.2,"Y"
"529","IDCJAC0002","040214",1931,"January",31.5,"Y"
"530","IDCJAC0002","040214",1931,"February",28.1,"Y"
"531","IDCJAC0002","040214",1931,"March",27.4,"Y"
"532","IDCJAC0002","040214",1931,"April",25.8,"Y"
"533","IDCJAC0002","040214",1931,"May",23.3,"Y"
"534","IDCJAC0002","040214",1931,"June",21.6,"Y"
"535","IDCJAC0002","040214",1931,"July",20.6,"Y"
"536","IDCJAC0002","040214",1931,"August",22.4,"Y"
"537","IDCJAC0002","040214",1931,"September",24.5,"Y"
"538","IDCJAC0002","040214",1931,"October",25.4,"Y"
"539","IDCJAC0002","040214",1931,"November",26.8,"Y"
"540","IDCJAC0002","040214",1931,"December",28.5,"Y"
"541","IDCJAC0002","040214",1932,"January",30.5,"Y"
"542","IDCJAC0002","040214",1932,"February",30.8,"Y"
"543","IDCJAC0002","040214",1932,"March",29,"Y"
"544","IDCJAC0002","040214",1932,"April",26.4,"Y"
"545","IDCJAC0002","040214",1932,"May",22.4,"Y"
"546","IDCJAC0002","040214",1932,"June",20,"Y"
"547","IDCJAC0002","040214",1932,"July",20.5,"Y"
"548","IDCJAC0002","040214",1932,"August",21.5,"Y"
"549","IDCJAC0002","040214",1932,"September",23.2,"Y"
"550","IDCJAC0002","040214",1932,"October",25.4,"Y"
"551","IDCJAC0002","040214",1932,"November",26.9,"Y"
"552","IDCJAC0002","040214",1932,"December",28.8,"Y"
"553","IDCJAC0002","040214",1933,"January",30,"Y"
"554","IDCJAC0002","040214",1933,"February",30,"Y"
"555","IDCJAC0002","040214",1933,"March",29.5,"Y"
"556","IDCJAC0002","040214",1933,"April",25.7,"Y"
"557","IDCJAC0002","040214",1933,"May",24,"Y"
"558","IDCJAC0002","040214",1933,"June",21,"Y"
"559","IDCJAC0002","040214",1933,"July",19.8,"Y"
"560","IDCJAC0002","040214",1933,"August",20.3,"Y"
"561","IDCJAC0002","040214",1933,"September",22.7,"Y"
"562","IDCJAC0002","040214",1933,"October",26,"Y"
"563","IDCJAC0002","040214",1933,"November",24.8,"Y"
"564","IDCJAC0002","040214",1933,"December",27.5,"Y"
"565","IDCJAC0002","040214",1934,"January",27.9,"Y"
"566","IDCJAC0002","040214",1934,"February",28.5,"Y"
"567","IDCJAC0002","040214",1934,"March",27.4,"Y"
"568","IDCJAC0002","040214",1934,"April",25.5,"Y"
"569","IDCJAC0002","040214",1934,"May",22.4,"Y"
"570","IDCJAC0002","040214",1934,"June",20.2,"Y"
"571","IDCJAC0002","040214",1934,"July",19.9,"Y"
"572","IDCJAC0002","040214",1934,"August",21.3,"Y"
"573","IDCJAC0002","040214",1934,"September",23.7,"Y"
"574","IDCJAC0002","040214",1934,"October",24.6,"Y"
"575","IDCJAC0002","040214",1934,"November",26,"Y"
"576","IDCJAC0002","040214",1934,"December",27.9,"Y"
"577","IDCJAC0002","040214",1935,"January",30.3,"Y"
"578","IDCJAC0002","040214",1935,"February",30.2,"Y"
"579","IDCJAC0002","040214",1935,"March",27.6,"Y"
"580","IDCJAC0002","040214",1935,"April",25.8,"Y"
"581","IDCJAC0002","040214",1935,"May",23,"Y"
"582","IDCJAC0002","040214",1935,"June",21.1,"Y"
"583","IDCJAC0002","040214",1935,"July",20.2,"Y"
"584","IDCJAC0002","040214",1935,"August",21.2,"Y"
"585","IDCJAC0002","040214",1935,"September",23.2,"Y"
"586","IDCJAC0002","040214",1935,"October",25.9,"Y"
"587","IDCJAC0002","040214",1935,"November",27.3,"Y"
"588","IDCJAC0002","040214",1935,"December",29.1,"Y"
"589","IDCJAC0002","040214",1936,"January",28.7,"Y"
"590","IDCJAC0002","040214",1936,"February",28.9,"Y"
"591","IDCJAC0002","040214",1936,"March",26.4,"Y"
"592","IDCJAC0002","040214",1936,"April",25.7,"Y"
"593","IDCJAC0002","040214",1936,"May",22.8,"Y"
"594","IDCJAC0002","040214",1936,"June",20.2,"Y"
"595","IDCJAC0002","040214",1936,"July",20.3,"Y"
"596","IDCJAC0002","040214",1936,"August",23.9,"Y"
"597","IDCJAC0002","040214",1936,"September",24.4,"Y"
"598","IDCJAC0002","040214",1936,"October",28.4,"Y"
"599","IDCJAC0002","040214",1936,"November",28.7,"Y"
"600","IDCJAC0002","040214",1936,"December",29.4,"Y"
"601","IDCJAC0002","040214",1937,"January",30.8,"Y"
"602","IDCJAC0002","040214",1937,"February",28.1,"Y"
"603","IDCJAC0002","040214",1937,"March",27.7,"Y"
"604","IDCJAC0002","040214",1937,"April",26.2,"Y"
"605","IDCJAC0002","040214",1937,"May",24.1,"Y"
"606","IDCJAC0002","040214",1937,"June",19.7,"Y"
"607","IDCJAC0002","040214",1937,"July",20.1,"Y"
"608","IDCJAC0002","040214",1937,"August",21,"Y"
"609","IDCJAC0002","040214",1937,"September",24.8,"Y"
"610","IDCJAC0002","040214",1937,"October",27.5,"Y"
"611","IDCJAC0002","040214",1937,"November",26.1,"Y"
"612","IDCJAC0002","040214",1937,"December",29.3,"Y"
"613","IDCJAC0002","040214",1938,"January",28.7,"Y"
"614","IDCJAC0002","040214",1938,"February",30.5,"Y"
"615","IDCJAC0002","040214",1938,"March",28.5,"Y"
"616","IDCJAC0002","040214",1938,"April",27,"Y"
"617","IDCJAC0002","040214",1938,"May",23.1,"Y"
"618","IDCJAC0002","040214",1938,"June",20.6,"Y"
"619","IDCJAC0002","040214",1938,"July",18.7,"Y"
"620","IDCJAC0002","040214",1938,"August",20.4,"Y"
"621","IDCJAC0002","040214",1938,"September",23.1,"Y"
"622","IDCJAC0002","040214",1938,"October",25.9,"Y"
"623","IDCJAC0002","040214",1938,"November",27.4,"Y"
"624","IDCJAC0002","040214",1938,"December",30.2,"Y"
"625","IDCJAC0002","040214",1939,"January",29.8,"Y"
"626","IDCJAC0002","040214",1939,"February",28.8,"Y"
"627","IDCJAC0002","040214",1939,"March",27,"Y"
"628","IDCJAC0002","040214",1939,"April",24.6,"Y"
"629","IDCJAC0002","040214",1939,"May",23.1,"Y"
"630","IDCJAC0002","040214",1939,"June",20.7,"Y"
"631","IDCJAC0002","040214",1939,"July",18.9,"Y"
"632","IDCJAC0002","040214",1939,"August",21.6,"Y"
"633","IDCJAC0002","040214",1939,"September",23.2,"Y"
"634","IDCJAC0002","040214",1939,"October",23.9,"Y"
"635","IDCJAC0002","040214",1939,"November",27.1,"Y"
"636","IDCJAC0002","040214",1939,"December",28.3,"Y"
"637","IDCJAC0002","040214",1940,"January",31,"Y"
"638","IDCJAC0002","040214",1940,"February",29,"Y"
"639","IDCJAC0002","040214",1940,"March",27,"Y"
"640","IDCJAC0002","040214",1940,"April",25.4,"Y"
"641","IDCJAC0002","040214",1940,"May",22.6,"Y"
"642","IDCJAC0002","040214",1940,"June",21.6,"Y"
"643","IDCJAC0002","040214",1940,"July",21,"Y"
"644","IDCJAC0002","040214",1940,"August",22.1,"Y"
"645","IDCJAC0002","040214",1940,"September",23.8,"Y"
"646","IDCJAC0002","040214",1940,"October",25.4,"Y"
"647","IDCJAC0002","040214",1940,"November",28.6,"Y"
"648","IDCJAC0002","040214",1940,"December",28.1,"Y"
"649","IDCJAC0002","040214",1941,"January",27.6,"Y"
"650","IDCJAC0002","040214",1941,"February",27.7,"Y"
"651","IDCJAC0002","040214",1941,"March",27.3,"Y"
"652","IDCJAC0002","040214",1941,"April",24.6,"Y"
"653","IDCJAC0002","040214",1941,"May",22.8,"Y"
"654","IDCJAC0002","040214",1941,"June",20.5,"Y"
"655","IDCJAC0002","040214",1941,"July",21.3,"Y"
"656","IDCJAC0002","040214",1941,"August",21.4,"Y"
"657","IDCJAC0002","040214",1941,"September",25.2,"Y"
"658","IDCJAC0002","040214",1941,"October",25.8,"Y"
"659","IDCJAC0002","040214",1941,"November",27.3,"Y"
"660","IDCJAC0002","040214",1941,"December",29.6,"Y"
"661","IDCJAC0002","040214",1942,"January",30.4,"Y"
"662","IDCJAC0002","040214",1942,"February",27.1,"Y"
"663","IDCJAC0002","040214",1942,"March",29.3,"Y"
"664","IDCJAC0002","040214",1942,"April",25.8,"Y"
"665","IDCJAC0002","040214",1942,"May",24,"Y"
"666","IDCJAC0002","040214",1942,"June",22.1,"Y"
"667","IDCJAC0002","040214",1942,"July",21.3,"Y"
"668","IDCJAC0002","040214",1942,"August",23.3,"Y"
"669","IDCJAC0002","040214",1942,"September",24.6,"Y"
"670","IDCJAC0002","040214",1942,"October",24.8,"Y"
"671","IDCJAC0002","040214",1942,"November",27.7,"Y"
"672","IDCJAC0002","040214",1942,"December",26.4,"Y"
"673","IDCJAC0002","040214",1943,"January",29.3,"Y"
"674","IDCJAC0002","040214",1943,"February",28.5,"Y"
"675","IDCJAC0002","040214",1943,"March",28.1,"Y"
"676","IDCJAC0002","040214",1943,"April",25.8,"Y"
"677","IDCJAC0002","040214",1943,"May",23.8,"Y"
"678","IDCJAC0002","040214",1943,"June",20.2,"Y"
"679","IDCJAC0002","040214",1943,"July",20.4,"Y"
"680","IDCJAC0002","040214",1943,"August",20.7,"Y"
"681","IDCJAC0002","040214",1943,"September",24.4,"Y"
"682","IDCJAC0002","040214",1943,"October",25.5,"Y"
"683","IDCJAC0002","040214",1943,"November",26,"Y"
"684","IDCJAC0002","040214",1943,"December",28.3,"Y"
"685","IDCJAC0002","040214",1944,"January",29.2,"Y"
"686","IDCJAC0002","040214",1944,"February",28.4,"Y"
"687","IDCJAC0002","040214",1944,"March",27,"Y"
"688","IDCJAC0002","040214",1944,"April",26.9,"Y"
"689","IDCJAC0002","040214",1944,"May",23.1,"Y"
"690","IDCJAC0002","040214",1944,"June",20.4,"Y"
"691","IDCJAC0002","040214",1944,"July",20,"Y"
"692","IDCJAC0002","040214",1944,"August",21.8,"Y"
"693","IDCJAC0002","040214",1944,"September",22.3,"Y"
"694","IDCJAC0002","040214",1944,"October",25.5,"Y"
"695","IDCJAC0002","040214",1944,"November",28.4,"Y"
"696","IDCJAC0002","040214",1944,"December",30.5,"Y"
"697","IDCJAC0002","040214",1945,"January",29.2,"Y"
"698","IDCJAC0002","040214",1945,"February",29.7,"Y"
"699","IDCJAC0002","040214",1945,"March",28.4,"Y"
"700","IDCJAC0002","040214",1945,"April",25.3,"Y"
"701","IDCJAC0002","040214",1945,"May",22.7,"Y"
"702","IDCJAC0002","040214",1945,"June",21.8,"Y"
"703","IDCJAC0002","040214",1945,"July",19.9,"Y"
"704","IDCJAC0002","040214",1945,"August",22.3,"Y"
"705","IDCJAC0002","040214",1945,"September",23.2,"Y"
"706","IDCJAC0002","040214",1945,"October",25.4,"Y"
"707","IDCJAC0002","040214",1945,"November",27.4,"Y"
"708","IDCJAC0002","040214",1945,"December",27.7,"Y"
"709","IDCJAC0002","040214",1946,"January",29.5,"Y"
"710","IDCJAC0002","040214",1946,"February",29.4,"Y"
"711","IDCJAC0002","040214",1946,"March",27.9,"Y"
"712","IDCJAC0002","040214",1946,"April",25.8,"Y"
"713","IDCJAC0002","040214",1946,"May",24.3,"Y"
"714","IDCJAC0002","040214",1946,"June",20.8,"Y"
"715","IDCJAC0002","040214",1946,"July",22.2,"Y"
"716","IDCJAC0002","040214",1946,"August",24.4,"Y"
"717","IDCJAC0002","040214",1946,"September",23.6,"Y"
"718","IDCJAC0002","040214",1946,"October",24.6,"Y"
"719","IDCJAC0002","040214",1946,"November",28.9,"Y"
"720","IDCJAC0002","040214",1946,"December",29.9,"Y"
"721","IDCJAC0002","040214",1947,"January",29.4,"Y"
"722","IDCJAC0002","040214",1947,"February",27,"Y"
"723","IDCJAC0002","040214",1947,"March",27.4,"Y"
"724","IDCJAC0002","040214",1947,"April",25.7,"Y"
"725","IDCJAC0002","040214",1947,"May",23.1,"Y"
"726","IDCJAC0002","040214",1947,"June",21.8,"Y"
"727","IDCJAC0002","040214",1947,"July",21.2,"Y"
"728","IDCJAC0002","040214",1947,"August",21.4,"Y"
"729","IDCJAC0002","040214",1947,"September",23.4,"Y"
"730","IDCJAC0002","040214",1947,"October",24.6,"Y"
"731","IDCJAC0002","040214",1947,"November",25.9,"Y"
"732","IDCJAC0002","040214",1947,"December",28.1,"Y"
"733","IDCJAC0002","040214",1948,"January",27.6,"Y"
"734","IDCJAC0002","040214",1948,"February",28.4,"Y"
"735","IDCJAC0002","040214",1948,"March",28.1,"Y"
"736","IDCJAC0002","040214",1948,"April",24.9,"Y"
"737","IDCJAC0002","040214",1948,"May",23.1,"Y"
"738","IDCJAC0002","040214",1948,"June",20.4,"Y"
"739","IDCJAC0002","040214",1948,"July",20.4,"Y"
"740","IDCJAC0002","040214",1948,"August",22,"Y"
"741","IDCJAC0002","040214",1948,"September",23.7,"Y"
"742","IDCJAC0002","040214",1948,"October",27.4,"Y"
"743","IDCJAC0002","040214",1948,"November",27.8,"Y"
"744","IDCJAC0002","040214",1948,"December",28.6,"Y"
"745","IDCJAC0002","040214",1949,"January",29.1,"Y"
"746","IDCJAC0002","040214",1949,"February",29.6,"Y"
"747","IDCJAC0002","040214",1949,"March",26.6,"Y"
"748","IDCJAC0002","040214",1949,"April",24.5,"Y"
"749","IDCJAC0002","040214",1949,"May",22.7,"Y"
"750","IDCJAC0002","040214",1949,"June",19.4,"Y"
"751","IDCJAC0002","040214",1949,"July",20.2,"Y"
"752","IDCJAC0002","040214",1949,"August",21.2,"Y"
"753","IDCJAC0002","040214",1949,"September",23,"Y"
"754","IDCJAC0002","040214",1949,"October",26.2,"Y"
"755","IDCJAC0002","040214",1949,"November",27.1,"Y"
"756","IDCJAC0002","040214",1949,"December",28.7,"Y"
"757","IDCJAC0002","040214",1950,"January",29.3,"Y"
"758","IDCJAC0002","040214",1950,"February",27.2,"Y"
"759","IDCJAC0002","040214",1950,"March",27.2,"Y"
"760","IDCJAC0002","040214",1950,"April",25.1,"Y"
"761","IDCJAC0002","040214",1950,"May",23.4,"Y"
"762","IDCJAC0002","040214",1950,"June",20.4,"Y"
"763","IDCJAC0002","040214",1950,"July",20.4,"Y"
"764","IDCJAC0002","040214",1950,"August",20.8,"Y"
"765","IDCJAC0002","040214",1950,"September",23.4,"Y"
"766","IDCJAC0002","040214",1950,"October",24.8,"Y"
"767","IDCJAC0002","040214",1950,"November",25.6,"Y"
"768","IDCJAC0002","040214",1950,"December",27.4,"Y"
"769","IDCJAC0002","040214",1951,"January",26.5,"Y"
"770","IDCJAC0002","040214",1951,"February",27.8,"Y"
"771","IDCJAC0002","040214",1951,"March",27.5,"Y"
"772","IDCJAC0002","040214",1951,"April",26,"Y"
"773","IDCJAC0002","040214",1951,"May",22.2,"Y"
"774","IDCJAC0002","040214",1951,"June",20.7,"Y"
"775","IDCJAC0002","040214",1951,"July",20.4,"Y"
"776","IDCJAC0002","040214",1951,"August",21,"Y"
"777","IDCJAC0002","040214",1951,"September",23.5,"Y"
"778","IDCJAC0002","040214",1951,"October",25.5,"Y"
"779","IDCJAC0002","040214",1951,"November",28.5,"Y"
"780","IDCJAC0002","040214",1951,"December",29.8,"Y"
"781","IDCJAC0002","040214",1952,"January",30.2,"Y"
"782","IDCJAC0002","040214",1952,"February",28.7,"Y"
"783","IDCJAC0002","040214",1952,"March",27.5,"Y"
"784","IDCJAC0002","040214",1952,"April",26.2,"Y"
"785","IDCJAC0002","040214",1952,"May",22.5,"Y"
"786","IDCJAC0002","040214",1952,"June",21.1,"Y"
"787","IDCJAC0002","040214",1952,"July",20.3,"Y"
"788","IDCJAC0002","040214",1952,"August",21.8,"Y"
"789","IDCJAC0002","040214",1952,"September",23.6,"Y"
"790","IDCJAC0002","040214",1952,"October",25.2,"Y"
"791","IDCJAC0002","040214",1952,"November",29,"Y"
"792","IDCJAC0002","040214",1952,"December",29.5,"Y"
"793","IDCJAC0002","040214",1953,"January",27.6,"Y"
"794","IDCJAC0002","040214",1953,"February",27.9,"Y"
"795","IDCJAC0002","040214",1953,"March",27.5,"Y"
"796","IDCJAC0002","040214",1953,"April",27.1,"Y"
"797","IDCJAC0002","040214",1953,"May",23.4,"Y"
"798","IDCJAC0002","040214",1953,"June",21.6,"Y"
"799","IDCJAC0002","040214",1953,"July",21.4,"Y"
"800","IDCJAC0002","040214",1953,"August",21.4,"Y"
"801","IDCJAC0002","040214",1953,"September",23.6,"Y"
"802","IDCJAC0002","040214",1953,"October",26.1,"Y"
"803","IDCJAC0002","040214",1953,"November",28.5,"Y"
"804","IDCJAC0002","040214",1953,"December",30.3,"Y"
"805","IDCJAC0002","040214",1954,"January",27.3,"Y"
"806","IDCJAC0002","040214",1954,"February",27.8,"Y"
"807","IDCJAC0002","040214",1954,"March",29.2,"Y"
"808","IDCJAC0002","040214",1954,"April",26.1,"Y"
"809","IDCJAC0002","040214",1954,"May",23,"Y"
"810","IDCJAC0002","040214",1954,"June",20.2,"Y"
"811","IDCJAC0002","040214",1954,"July",21,"Y"
"812","IDCJAC0002","040214",1954,"August",20.9,"Y"
"813","IDCJAC0002","040214",1954,"September",22.1,"Y"
"814","IDCJAC0002","040214",1954,"October",23.8,"Y"
"815","IDCJAC0002","040214",1954,"November",27.1,"Y"
"816","IDCJAC0002","040214",1954,"December",28,"Y"
"817","IDCJAC0002","040214",1955,"January",29.1,"Y"
"818","IDCJAC0002","040214",1955,"February",29,"Y"
"819","IDCJAC0002","040214",1955,"March",27.5,"Y"
"820","IDCJAC0002","040214",1955,"April",25.9,"Y"
"821","IDCJAC0002","040214",1955,"May",22.3,"Y"
"822","IDCJAC0002","040214",1955,"June",20.2,"Y"
"823","IDCJAC0002","040214",1955,"July",19.7,"Y"
"824","IDCJAC0002","040214",1955,"August",22.4,"Y"
"825","IDCJAC0002","040214",1955,"September",23.5,"Y"
"826","IDCJAC0002","040214",1955,"October",26.9,"Y"
"827","IDCJAC0002","040214",1955,"November",27.5,"Y"
"828","IDCJAC0002","040214",1955,"December",28.7,"Y"
"829","IDCJAC0002","040214",1956,"January",29.1,"Y"
"830","IDCJAC0002","040214",1956,"February",28.5,"Y"
"831","IDCJAC0002","040214",1956,"March",27.2,"Y"
"832","IDCJAC0002","040214",1956,"April",27.2,"Y"
"833","IDCJAC0002","040214",1956,"May",22.6,"Y"
"834","IDCJAC0002","040214",1956,"June",19.6,"Y"
"835","IDCJAC0002","040214",1956,"July",19.5,"Y"
"836","IDCJAC0002","040214",1956,"August",21.1,"Y"
"837","IDCJAC0002","040214",1956,"September",22.8,"Y"
"838","IDCJAC0002","040214",1956,"October",26.4,"Y"
"839","IDCJAC0002","040214",1956,"November",27.9,"Y"
"840","IDCJAC0002","040214",1956,"December",29.5,"Y"
"841","IDCJAC0002","040214",1957,"January",28.5,"Y"
"842","IDCJAC0002","040214",1957,"February",29,"Y"
"843","IDCJAC0002","040214",1957,"March",27.8,"Y"
"844","IDCJAC0002","040214",1957,"April",27.7,"Y"
"845","IDCJAC0002","040214",1957,"May",24.1,"Y"
"846","IDCJAC0002","040214",1957,"June",21.9,"Y"
"847","IDCJAC0002","040214",1957,"July",19.3,"Y"
"848","IDCJAC0002","040214",1957,"August",21.3,"Y"
"849","IDCJAC0002","040214",1957,"September",24.3,"Y"
"850","IDCJAC0002","040214",1957,"October",27.1,"Y"
"851","IDCJAC0002","040214",1957,"November",29.3,"Y"
"852","IDCJAC0002","040214",1957,"December",30.6,"Y"
"853","IDCJAC0002","040214",1958,"January",29.2,"Y"
"854","IDCJAC0002","040214",1958,"February",29.3,"Y"
"855","IDCJAC0002","040214",1958,"March",28.4,"Y"
"856","IDCJAC0002","040214",1958,"April",25.1,"Y"
"857","IDCJAC0002","040214",1958,"May",25,"Y"
"858","IDCJAC0002","040214",1958,"June",20.4,"Y"
"859","IDCJAC0002","040214",1958,"July",21.3,"Y"
"860","IDCJAC0002","040214",1958,"August",21.9,"Y"
"861","IDCJAC0002","040214",1958,"September",23.2,"Y"
"862","IDCJAC0002","040214",1958,"October",28,"Y"
"863","IDCJAC0002","040214",1958,"November",27.7,"Y"
"864","IDCJAC0002","040214",1958,"December",29.2,"Y"
"865","IDCJAC0002","040214",1959,"January",28.2,"Y"
"866","IDCJAC0002","040214",1959,"February",28.2,"Y"
"867","IDCJAC0002","040214",1959,"March",27.6,"Y"
"868","IDCJAC0002","040214",1959,"April",25.8,"Y"
"869","IDCJAC0002","040214",1959,"May",22.3,"Y"
"870","IDCJAC0002","040214",1959,"June",20.9,"Y"
"871","IDCJAC0002","040214",1959,"July",20,"Y"
"872","IDCJAC0002","040214",1959,"August",22.4,"Y"
"873","IDCJAC0002","040214",1959,"September",23.1,"Y"
"874","IDCJAC0002","040214",1959,"October",24.3,"Y"
"875","IDCJAC0002","040214",1959,"November",25.8,"Y"
"876","IDCJAC0002","040214",1959,"December",29.4,"Y"
"877","IDCJAC0002","040214",1960,"January",29.3,"Y"
"878","IDCJAC0002","040214",1960,"February",29.3,"Y"
"879","IDCJAC0002","040214",1960,"March",27.3,"Y"
"880","IDCJAC0002","040214",1960,"April",26.5,"Y"
"881","IDCJAC0002","040214",1960,"May",22.4,"Y"
"882","IDCJAC0002","040214",1960,"June",20.7,"Y"
"883","IDCJAC0002","040214",1960,"July",19.5,"Y"
"884","IDCJAC0002","040214",1960,"August",21.2,"Y"
"885","IDCJAC0002","040214",1960,"September",24.1,"Y"
"886","IDCJAC0002","040214",1960,"October",25.7,"Y"
"887","IDCJAC0002","040214",1960,"November",26.6,"Y"
"888","IDCJAC0002","040214",1960,"December",27.3,"Y"
"889","IDCJAC0002","040214",1961,"January",27.4,"Y"
"890","IDCJAC0002","040214",1961,"February",27.8,"Y"
"891","IDCJAC0002","040214",1961,"March",27.3,"Y"
"892","IDCJAC0002","040214",1961,"April",25.9,"Y"
"893","IDCJAC0002","040214",1961,"May",23.4,"Y"
"894","IDCJAC0002","040214",1961,"June",21.5,"Y"
"895","IDCJAC0002","040214",1961,"July",20.8,"Y"
"896","IDCJAC0002","040214",1961,"August",21.3,"Y"
"897","IDCJAC0002","040214",1961,"September",24.1,"Y"
"898","IDCJAC0002","040214",1961,"October",25.7,"Y"
"899","IDCJAC0002","040214",1961,"November",26,"Y"
"900","IDCJAC0002","040214",1961,"December",28.5,"Y"
"901","IDCJAC0002","040214",1962,"January",28.3,"Y"
"902","IDCJAC0002","040214",1962,"February",29.8,"Y"
"903","IDCJAC0002","040214",1962,"March",26.7,"Y"
"904","IDCJAC0002","040214",1962,"April",24.9,"Y"
"905","IDCJAC0002","040214",1962,"May",23.7,"Y"
"906","IDCJAC0002","040214",1962,"June",22.5,"Y"
"907","IDCJAC0002","040214",1962,"July",20.3,"Y"
"908","IDCJAC0002","040214",1962,"August",21.4,"Y"
"909","IDCJAC0002","040214",1962,"September",24.1,"Y"
"910","IDCJAC0002","040214",1962,"October",26.8,"Y"
"911","IDCJAC0002","040214",1962,"November",28,"Y"
"912","IDCJAC0002","040214",1962,"December",26.9,"Y"
"913","IDCJAC0002","040214",1963,"January",28.1,"Y"
"914","IDCJAC0002","040214",1963,"February",30.1,"Y"
"915","IDCJAC0002","040214",1963,"March",27.8,"Y"
"916","IDCJAC0002","040214",1963,"April",25.8,"Y"
"917","IDCJAC0002","040214",1963,"May",23,"Y"
"918","IDCJAC0002","040214",1963,"June",20.6,"Y"
"919","IDCJAC0002","040214",1963,"July",20.4,"Y"
"920","IDCJAC0002","040214",1963,"August",21.7,"Y"
"921","IDCJAC0002","040214",1963,"September",24.5,"Y"
"922","IDCJAC0002","040214",1963,"October",24,"Y"
"923","IDCJAC0002","040214",1963,"November",25.6,"Y"
"924","IDCJAC0002","040214",1963,"December",27,"Y"
"925","IDCJAC0002","040214",1964,"January",30.2,"Y"
"926","IDCJAC0002","040214",1964,"February",28.9,"Y"
"927","IDCJAC0002","040214",1964,"March",27.5,"Y"
"928","IDCJAC0002","040214",1964,"April",25.9,"Y"
"929","IDCJAC0002","040214",1964,"May",23.2,"Y"
"930","IDCJAC0002","040214",1964,"June",20.7,"Y"
"931","IDCJAC0002","040214",1964,"July",21.2,"Y"
"932","IDCJAC0002","040214",1964,"August",22.5,"Y"
"933","IDCJAC0002","040214",1964,"September",23.6,"Y"
"934","IDCJAC0002","040214",1964,"October",25.6,"Y"
"935","IDCJAC0002","040214",1964,"November",27.7,"Y"
"936","IDCJAC0002","040214",1964,"December",29.1,"Y"
"937","IDCJAC0002","040214",1965,"January",29,"Y"
"938","IDCJAC0002","040214",1965,"February",29,"Y"
"939","IDCJAC0002","040214",1965,"March",29.3,"Y"
"940","IDCJAC0002","040214",1965,"April",26.4,"Y"
"941","IDCJAC0002","040214",1965,"May",24.2,"Y"
"942","IDCJAC0002","040214",1965,"June",21.1,"Y"
"943","IDCJAC0002","040214",1965,"July",19.8,"Y"
"944","IDCJAC0002","040214",1965,"August",21.7,"Y"
"945","IDCJAC0002","040214",1965,"September",25,"Y"
"946","IDCJAC0002","040214",1965,"October",25.3,"Y"
"947","IDCJAC0002","040214",1965,"November",27.9,"Y"
"948","IDCJAC0002","040214",1965,"December",27.3,"Y"
"949","IDCJAC0002","040214",1966,"January",28.2,"Y"
"950","IDCJAC0002","040214",1966,"February",30.2,"Y"
"951","IDCJAC0002","040214",1966,"March",28.5,"Y"
"952","IDCJAC0002","040214",1966,"April",26.1,"Y"
"953","IDCJAC0002","040214",1966,"May",23.6,"Y"
"954","IDCJAC0002","040214",1966,"June",21.2,"Y"
"955","IDCJAC0002","040214",1966,"July",20,"Y"
"956","IDCJAC0002","040214",1966,"August",21,"Y"
"957","IDCJAC0002","040214",1966,"September",23.7,"Y"
"958","IDCJAC0002","040214",1966,"October",24.8,"Y"
"959","IDCJAC0002","040214",1966,"November",27.6,"Y"
"960","IDCJAC0002","040214",1966,"December",27.8,"Y"
"961","IDCJAC0002","040214",1967,"January",28.8,"Y"
"962","IDCJAC0002","040214",1967,"February",28.4,"Y"
"963","IDCJAC0002","040214",1967,"March",26.6,"Y"
"964","IDCJAC0002","040214",1967,"April",25.1,"Y"
"965","IDCJAC0002","040214",1967,"May",22.6,"Y"
"966","IDCJAC0002","040214",1967,"June",21,"Y"
"967","IDCJAC0002","040214",1967,"July",20.1,"Y"
"968","IDCJAC0002","040214",1967,"August",21.4,"Y"
"969","IDCJAC0002","040214",1967,"September",24.9,"Y"
"970","IDCJAC0002","040214",1967,"October",26.6,"Y"
"971","IDCJAC0002","040214",1967,"November",28.6,"Y"
"972","IDCJAC0002","040214",1967,"December",27.6,"Y"
"973","IDCJAC0002","040214",1968,"January",28.1,"Y"
"974","IDCJAC0002","040214",1968,"February",28.8,"Y"
"975","IDCJAC0002","040214",1968,"March",28.6,"Y"
"976","IDCJAC0002","040214",1968,"April",29.1,"Y"
"977","IDCJAC0002","040214",1968,"May",22.3,"Y"
"978","IDCJAC0002","040214",1968,"June",21.3,"Y"
"979","IDCJAC0002","040214",1968,"July",19.8,"Y"
"980","IDCJAC0002","040214",1968,"August",21.5,"Y"
"981","IDCJAC0002","040214",1968,"September",23.6,"Y"
"982","IDCJAC0002","040214",1968,"October",27.3,"Y"
"983","IDCJAC0002","040214",1968,"November",30.6,"Y"
"984","IDCJAC0002","040214",1968,"December",29,"Y"
"985","IDCJAC0002","040214",1969,"January",30.5,"Y"
"986","IDCJAC0002","040214",1969,"February",29.3,"Y"
"987","IDCJAC0002","040214",1969,"March",27.9,"Y"
"988","IDCJAC0002","040214",1969,"April",27,"Y"
"989","IDCJAC0002","040214",1969,"May",22.8,"Y"
"990","IDCJAC0002","040214",1969,"June",21,"Y"
"991","IDCJAC0002","040214",1969,"July",21,"Y"
"992","IDCJAC0002","040214",1969,"August",23,"Y"
"993","IDCJAC0002","040214",1969,"September",22.8,"Y"
"994","IDCJAC0002","040214",1969,"October",24.4,"Y"
"995","IDCJAC0002","040214",1969,"November",28.2,"Y"
"996","IDCJAC0002","040214",1969,"December",29.9,"Y"
"997","IDCJAC0002","040214",1970,"January",30.1,"Y"
"998","IDCJAC0002","040214",1970,"February",28.9,"Y"
"999","IDCJAC0002","040214",1970,"March",28.9,"Y"
"1000","IDCJAC0002","040214",1970,"April",26.4,"Y"
"1001","IDCJAC0002","040214",1970,"May",22.8,"Y"
"1002","IDCJAC0002","040214",1970,"June",22.2,"Y"
"1003","IDCJAC0002","040214",1970,"July",20.8,"Y"
"1004","IDCJAC0002","040214",1970,"August",22.6,"Y"
"1005","IDCJAC0002","040214",1970,"September",23.6,"Y"
"1006","IDCJAC0002","040214",1970,"October",25.9,"Y"
"1007","IDCJAC0002","040214",1970,"November",26.7,"Y"
"1008","IDCJAC0002","040214",1970,"December",28.2,"Y"
"1009","IDCJAC0002","040214",1971,"January",29.5,"Y"
"1010","IDCJAC0002","040214",1971,"February",28.1,"Y"
"1011","IDCJAC0002","040214",1971,"March",26.8,"Y"
"1012","IDCJAC0002","040214",1971,"April",25.7,"Y"
"1013","IDCJAC0002","040214",1971,"May",24,"Y"
"1014","IDCJAC0002","040214",1971,"June",21.4,"Y"
"1015","IDCJAC0002","040214",1971,"July",20.6,"Y"
"1016","IDCJAC0002","040214",1971,"August",21.8,"Y"
"1017","IDCJAC0002","040214",1971,"September",24.1,"Y"
"1018","IDCJAC0002","040214",1971,"October",27.5,"Y"
"1019","IDCJAC0002","040214",1971,"November",27.7,"Y"
"1020","IDCJAC0002","040214",1971,"December",28,"Y"
"1021","IDCJAC0002","040214",1972,"January",28.2,"Y"
"1022","IDCJAC0002","040214",1972,"February",26.7,"Y"
"1023","IDCJAC0002","040214",1972,"March",27.8,"Y"
"1024","IDCJAC0002","040214",1972,"April",25.9,"Y"
"1025","IDCJAC0002","040214",1972,"May",22.3,"Y"
"1026","IDCJAC0002","040214",1972,"June",21,"Y"
"1027","IDCJAC0002","040214",1972,"July",21.1,"Y"
"1028","IDCJAC0002","040214",1972,"August",22.8,"Y"
"1029","IDCJAC0002","040214",1972,"September",24,"Y"
"1030","IDCJAC0002","040214",1972,"October",25.7,"Y"
"1031","IDCJAC0002","040214",1972,"November",27.3,"Y"
"1032","IDCJAC0002","040214",1972,"December",29.7,"Y"
"1033","IDCJAC0002","040214",1973,"January",29.7,"Y"
"1034","IDCJAC0002","040214",1973,"February",29.1,"Y"
"1035","IDCJAC0002","040214",1973,"March",29.6,"Y"
"1036","IDCJAC0002","040214",1973,"April",27.8,"Y"
"1037","IDCJAC0002","040214",1973,"May",25.7,"Y"
"1038","IDCJAC0002","040214",1973,"June",22,"Y"
"1039","IDCJAC0002","040214",1973,"July",20.6,"Y"
"1040","IDCJAC0002","040214",1973,"August",22.2,"Y"
"1041","IDCJAC0002","040214",1973,"September",24.7,"Y"
"1042","IDCJAC0002","040214",1973,"October",26.2,"Y"
"1043","IDCJAC0002","040214",1973,"November",28.7,"Y"
"1044","IDCJAC0002","040214",1973,"December",29.1,"Y"
"1045","IDCJAC0002","040214",1974,"January",27.7,"Y"
"1046","IDCJAC0002","040214",1974,"February",28.6,"Y"
"1047","IDCJAC0002","040214",1974,"March",27.4,"Y"
"1048","IDCJAC0002","040214",1974,"April",26.4,"Y"
"1049","IDCJAC0002","040214",1974,"May",22.6,"Y"
"1050","IDCJAC0002","040214",1974,"June",21.1,"Y"
"1051","IDCJAC0002","040214",1974,"July",21.2,"Y"
"1052","IDCJAC0002","040214",1974,"August",21.5,"Y"
"1053","IDCJAC0002","040214",1974,"September",23,"Y"
"1054","IDCJAC0002","040214",1974,"October",24.6,"Y"
"1055","IDCJAC0002","040214",1974,"November",26.7,"Y"
"1056","IDCJAC0002","040214",1974,"December",29.7,"Y"
"1057","IDCJAC0002","040214",1975,"January",29.1,"Y"
"1058","IDCJAC0002","040214",1975,"February",28.7,"Y"
"1059","IDCJAC0002","040214",1975,"March",28.7,"Y"
"1060","IDCJAC0002","040214",1975,"April",26.3,"Y"
"1061","IDCJAC0002","040214",1975,"May",25,"Y"
"1062","IDCJAC0002","040214",1975,"June",21.2,"Y"
"1063","IDCJAC0002","040214",1975,"July",21.6,"Y"
"1064","IDCJAC0002","040214",1975,"August",22,"Y"
"1065","IDCJAC0002","040214",1975,"September",23.2,"Y"
"1066","IDCJAC0002","040214",1975,"October",25.1,"Y"
"1067","IDCJAC0002","040214",1975,"November",27.5,"Y"
"1068","IDCJAC0002","040214",1975,"December",28,"Y"
"1069","IDCJAC0002","040214",1976,"January",28.6,"Y"
"1070","IDCJAC0002","040214",1976,"February",27.6,"Y"
"1071","IDCJAC0002","040214",1976,"March",28.4,"Y"
"1072","IDCJAC0002","040214",1976,"April",25.7,"Y"
"1073","IDCJAC0002","040214",1976,"May",23.2,"Y"
"1074","IDCJAC0002","040214",1976,"June",21.6,"Y"
"1075","IDCJAC0002","040214",1976,"July",21.1,"Y"
"1076","IDCJAC0002","040214",1976,"August",21.8,"Y"
"1077","IDCJAC0002","040214",1976,"September",23.8,"Y"
"1078","IDCJAC0002","040214",1976,"October",25.8,"Y"
"1079","IDCJAC0002","040214",1976,"November",29,"Y"
"1080","IDCJAC0002","040214",1976,"December",30.8,"Y"
"1081","IDCJAC0002","040214",1977,"January",30.4,"Y"
"1082","IDCJAC0002","040214",1977,"February",29.9,"Y"
"1083","IDCJAC0002","040214",1977,"March",28.8,"Y"
"1084","IDCJAC0002","040214",1977,"April",27.2,"Y"
"1085","IDCJAC0002","040214",1977,"May",24.2,"Y"
"1086","IDCJAC0002","040214",1977,"June",21,"Y"
"1087","IDCJAC0002","040214",1977,"July",21.1,"Y"
"1088","IDCJAC0002","040214",1977,"August",23.2,"Y"
"1089","IDCJAC0002","040214",1977,"September",24.8,"Y"
"1090","IDCJAC0002","040214",1977,"October",26.9,"Y"
"1091","IDCJAC0002","040214",1977,"November",28.1,"Y"
"1092","IDCJAC0002","040214",1977,"December",29.6,"Y"
"1093","IDCJAC0002","040214",1978,"January",30,"Y"
"1094","IDCJAC0002","040214",1978,"February",30.6,"Y"
"1095","IDCJAC0002","040214",1978,"March",28.7,"Y"
"1096","IDCJAC0002","040214",1978,"April",27.4,"Y"
"1097","IDCJAC0002","040214",1978,"May",23,"Y"
"1098","IDCJAC0002","040214",1978,"June",20.4,"Y"
"1099","IDCJAC0002","040214",1978,"July",20.8,"Y"
"1100","IDCJAC0002","040214",1978,"August",20.8,"Y"
"1101","IDCJAC0002","040214",1978,"September",23.3,"Y"
"1102","IDCJAC0002","040214",1978,"October",24.6,"Y"
"1103","IDCJAC0002","040214",1978,"November",26.7,"Y"
"1104","IDCJAC0002","040214",1978,"December",29.6,"Y"
"1105","IDCJAC0002","040214",1979,"January",29.3,"Y"
"1106","IDCJAC0002","040214",1979,"February",28.7,"Y"
"1107","IDCJAC0002","040214",1979,"March",28.8,"Y"
"1108","IDCJAC0002","040214",1979,"April",27.6,"Y"
"1109","IDCJAC0002","040214",1979,"May",23.5,"Y"
"1110","IDCJAC0002","040214",1979,"June",22.3,"Y"
"1111","IDCJAC0002","040214",1979,"July",21,"Y"
"1112","IDCJAC0002","040214",1979,"August",23,"Y"
"1113","IDCJAC0002","040214",1979,"September",24.5,"Y"
"1114","IDCJAC0002","040214",1979,"October",26,"Y"
"1115","IDCJAC0002","040214",1979,"November",28.3,"Y"
"1116","IDCJAC0002","040214",1979,"December",31.7,"Y"
"1117","IDCJAC0002","040214",1980,"January",31.4,"Y"
"1118","IDCJAC0002","040214",1980,"February",29.5,"Y"
"1119","IDCJAC0002","040214",1980,"March",29.5,"Y"
"1120","IDCJAC0002","040214",1980,"April",27.7,"Y"
"1121","IDCJAC0002","040214",1980,"May",24.3,"Y"
"1122","IDCJAC0002","040214",1980,"June",22.3,"Y"
"1123","IDCJAC0002","040214",1980,"July",20.8,"Y"
"1124","IDCJAC0002","040214",1980,"August",23.4,"Y"
"1125","IDCJAC0002","040214",1980,"September",27.2,"Y"
"1126","IDCJAC0002","040214",1980,"October",26.8,"Y"
"1127","IDCJAC0002","040214",1980,"November",29.1,"Y"
"1128","IDCJAC0002","040214",1980,"December",28.2,"Y"
"1129","IDCJAC0002","040214",1981,"January",29.1,"Y"
"1130","IDCJAC0002","040214",1981,"February",29.8,"Y"
"1131","IDCJAC0002","040214",1981,"March",29.8,"Y"
"1132","IDCJAC0002","040214",1981,"April",27.5,"Y"
"1133","IDCJAC0002","040214",1981,"May",23.9,"Y"
"1134","IDCJAC0002","040214",1981,"June",20.9,"Y"
"1135","IDCJAC0002","040214",1981,"July",20.9,"Y"
"1136","IDCJAC0002","040214",1981,"August",22.7,"Y"
"1137","IDCJAC0002","040214",1981,"September",25.4,"Y"
"1138","IDCJAC0002","040214",1981,"October",25.2,"Y"
"1139","IDCJAC0002","040214",1981,"November",26.3,"Y"
"1140","IDCJAC0002","040214",1981,"December",30.2,"Y"
"1141","IDCJAC0002","040214",1982,"January",29.7,"Y"
"1142","IDCJAC0002","040214",1982,"February",29.8,"Y"
"1143","IDCJAC0002","040214",1982,"March",28.9,"Y"
"1144","IDCJAC0002","040214",1982,"April",26.5,"Y"
"1145","IDCJAC0002","040214",1982,"May",24.6,"Y"
"1146","IDCJAC0002","040214",1982,"June",21,"Y"
"1147","IDCJAC0002","040214",1982,"July",20.9,"Y"
"1148","IDCJAC0002","040214",1982,"August",22.1,"Y"
"1149","IDCJAC0002","040214",1982,"September",24.1,"Y"
"1150","IDCJAC0002","040214",1982,"October",25.5,"Y"
"1151","IDCJAC0002","040214",1982,"November",27.1,"Y"
"1152","IDCJAC0002","040214",1982,"December",29,"Y"
"1153","IDCJAC0002","040214",1983,"January",29,"Y"
"1154","IDCJAC0002","040214",1983,"February",30,"Y"
"1155","IDCJAC0002","040214",1983,"March",29,"Y"
"1156","IDCJAC0002","040214",1983,"April",25.9,"Y"
"1157","IDCJAC0002","040214",1983,"May",23.6,"Y"
"1158","IDCJAC0002","040214",1983,"June",20.4,"Y"
"1159","IDCJAC0002","040214",1983,"July",19.9,"Y"
"1160","IDCJAC0002","040214",1983,"August",21.3,"Y"
"1161","IDCJAC0002","040214",1983,"September",25.7,"Y"
"1162","IDCJAC0002","040214",1983,"October",25.8,"Y"
"1163","IDCJAC0002","040214",1983,"November",26.8,"Y"
"1164","IDCJAC0002","040214",1983,"December",27.7,"Y"
"1165","IDCJAC0002","040214",1984,"January",28.7,"Y"
"1166","IDCJAC0002","040214",1984,"February",29,"Y"
"1167","IDCJAC0002","040214",1984,"March",28.7,"Y"
"1168","IDCJAC0002","040214",1984,"April",25.6,"Y"
"1169","IDCJAC0002","040214",1984,"May",23.5,"Y"
"1170","IDCJAC0002","040214",1984,"June",21.4,"Y"
"1171","IDCJAC0002","040214",1984,"July",19.3,"Y"
"1172","IDCJAC0002","040214",1984,"August",22.4,"Y"
"1173","IDCJAC0002","040214",1984,"September",23.9,"Y"
"1174","IDCJAC0002","040214",1984,"October",24.3,"Y"
"1175","IDCJAC0002","040214",1984,"November",27.3,"Y"
"1176","IDCJAC0002","040214",1984,"December",29.7,"Y"
"1177","IDCJAC0002","040214",1985,"January",30.7,"Y"
"1178","IDCJAC0002","040214",1985,"February",29.3,"Y"
"1179","IDCJAC0002","040214",1985,"March",27.7,"Y"
"1180","IDCJAC0002","040214",1985,"April",26.4,"Y"
"1181","IDCJAC0002","040214",1985,"May",23.5,"Y"
"1182","IDCJAC0002","040214",1985,"June",20.2,"Y"
"1183","IDCJAC0002","040214",1985,"July",20.7,"Y"
"1184","IDCJAC0002","040214",1985,"August",21.4,"Y"
"1185","IDCJAC0002","040214",1985,"September",23.8,"Y"
"1186","IDCJAC0002","040214",1985,"October",25.5,"Y"
"1187","IDCJAC0002","040214",1985,"November",26.6,"Y"
"1188","IDCJAC0002","040214",1985,"December",30.6,"Y"
"1189","IDCJAC0002","040214",1986,"January",30.2,"Y"
"1190","IDCJAC0002","040214",1986,"February",30.1,"Y"
"1191","IDCJAC0002","040214",1986,"March",28.5,"Y"
